{"timestamp": 1712566181.6245263, "position": {"x": 5.5805449952243364, "y": -7.614069914559175}, "orientation": -1.5564318709692562}