{"timestamp": 1712566166.5245996, "position": {"x": 5.535963563760726, "y": -3.1208604211592514}, "orientation": -1.5637524677771675}