{"timestamp": 1712566182.630515, "position": {"x": 5.600729658956216, "y": -7.834781732932506}, "orientation": -1.4497787596885028}