{"timestamp": 1712566168.9154046, "position": {"x": 5.542606585582424, "y": -3.8322203761657865}, "orientation": -1.5605561210714998}