{"timestamp": 1712566178.9821248, "position": {"x": 5.577393686366537, "y": -6.8319987989300355}, "orientation": -1.5588725371961225}