{"timestamp": 1712566177.849746, "position": {"x": 5.573423503602225, "y": -6.497879397187296}, "orientation": -1.5588972557667125}