{"timestamp": 1712566184.5187955, "position": {"x": 5.607436326654947, "y": -7.896748750704785}, "orientation": -1.0698401692444532}