{"timestamp": 1712566176.9688706, "position": {"x": 5.5702298929902065, "y": -6.229500472689682}, "orientation": -1.5588972557667125}