{"timestamp": 1712566175.8364182, "position": {"x": 5.565929314744984, "y": -5.866477218103217}, "orientation": -1.5589115705013796}