{"timestamp": 1712566171.9359214, "position": {"x": 5.5517400410668465, "y": -4.714603401972148}, "orientation": -1.558965944064127}