{"timestamp": 1712566179.9887931, "position": {"x": 5.5810306866289245, "y": -7.1381874667758405}, "orientation": -1.5588512047691478}