{"timestamp": 1712566167.90874, "position": {"x": 5.53930435867014, "y": -3.5096984294085454}, "orientation": -1.562148054423836}