{"timestamp": 1712566170.551311, "position": {"x": 5.547562055281479, "y": -4.318088276970453}, "orientation": -1.5605434342826847}