{"timestamp": 1712566169.795657, "position": {"x": 5.545292200235755, "y": -4.095349131647284}, "orientation": -1.560562533167119}