{"timestamp": 1712566173.8230116, "position": {"x": 5.559064272271299, "y": -5.296842599254261}, "orientation": -1.5574128900163935}