{"timestamp": 1712566172.8162398, "position": {"x": 5.555073957823524, "y": -4.996399967225873}, "orientation": -1.558965944064127}