{"timestamp": 1712566183.0086539, "position": {"x": 5.606771593652344, "y": -7.891366187565783}, "orientation": -1.4142169058076706}