{"timestamp": 1712566165.769749, "position": {"x": 5.534352991869408, "y": -2.892215121687508}, "orientation": -1.5637524677771675}