{"timestamp": 1712566180.8697119, "position": {"x": 5.58402265551692, "y": -7.389486114126464}, "orientation": -1.5587901007118656}