{"timestamp": 1712566174.9558308, "position": {"x": 5.563143249434155, "y": -5.630159813671754}, "orientation": -1.558947704194087}